Ime,Prezime,Broj,Datum,Vrijeme,Zahvat
Nikola,Lukic,0953603606,16-05-2025,13:00,Fizio terapija -> 35€
Lucija,Lukic,0976984839,23-05-2025,09:00,Fizio terapija -> 35€
Ivan,Lovric,0976589854,23-05-2025,13:00,Fizio terapija -> 35€
Kristijan,Muhic,0976984646,16-05-2025,09:00,Fizio terapija -> 35€
Antonio,Lukic,0976565698,23-05-2025,11:00,Manikura -> 20€
Lucija,Mihalic,0976523265,21-05-2025,11:00,Njega lica -> 28€
Nikola,Lukic,0953603606,15-06-2025,11:00,Masaža -> 30€
Nikola,Lukic,0953603606,25-05-2025,16:00,Fizio terapija -> 35€
Nikola,Lukic,0953603606,15-06-2025,08:00,Trepavice -> 25€
Silvija,Sulic,09563215653,30-05-2025,10:00,Njega lica -> 28€
Antonio,Lukiman,095656565,16-05-2025,11:00,Fizio terapija -> 35€
Nikolina,Mikic,0976563263,28-05-2025,12:00,Fizio terapija -> 35€
Tomislav,Mihalic,0956596596,17-05-2025,11:00,Masaža -> 30€
Barbara,Muhic,0976984836,29-05-2025,11:00,Njega lica -> 28€
Ivica,Ivic,0956586593,21-05-2025,12:00,Masaža -> 30€
Ivan,Opelic,0976595326,16-05-2025,10:00,Fizio terapija -> 35€
Nikola,Cindric,0985698563,28-05-2025,11:00,Masaža -> 30€
Ivano,Ivanic,0976984839,30-05-2025,14:00,Fizio terapija -> 35€
Lucija,Min,0976984839,20-06-2025,10:00,Njega lica -> 28€
Antonija,Lukic,0976984839,22-08-2025,10:00,Masaža -> 30€
Luka,Lunic,0976984839,20-05-2025,10:00,Manikura -> 20€
Nikola,Lukic,0953603606,22-05-2025,09:00,Fizio terapija -> 35€
